tap_bus,z_bus,area,zone,circuit,type,R,X,B,Line_Q1,Line_Q2,Line_Q3,control_bus,side,transformer_final_turns_ratio,transformer_final_angle,Min_tap,Max_tap,step_size,Min_volt,Max_volt,M_P_TLPF,M_Q_TLPF,M_P_TLPF_reverse,M_Q_TLPF_reverse,limit,ioff,joff,Ri_eP,Ri_eQ,Ri_eP_reverse,Ri_eQ_reverse,,,,,
1,2,0,1,1,0,0.0001,0.001,0,0,0,0,0,0,0,0,0,0,0,0,0,0.00771,-0.0072,-0.00771,0.0072,515,0,0,1,1,1,1,,,,,0.001
3,4,0,1,1,0,0.0001,0.001,0,0,0,0,0,0,0,0,0,0,0,0,0,0.00308,-0.15611,-0.00308,0.15613,515,0,0,1,1,1,1,,,,,0.001
5,2,0,1,1,0,0.0001,0.001,0,0,0,0,0,0,0,0,0,0,0,0,0,-0.00583,0.01315,0.00583,-0.01315,0,0,0,1,1,1,1,,,,,0.001
6,5,0,1,1,0,0.0001,0.001,0,0,0,0,0,0,0,0,0,0,0,0,0,-0.00242,0.07094,0.00242,-0.07094,0,0,0,1,1,1,1,,,,,0.001
7,8,0,1,1,0,0.000934,0.003735,0.006229,0,0,0,0,0,0,0,0,0,0,0,0,0.47421,-0.02105,-0.474,0.00954,879,0,0,1,1,1,1,,,,,0.003735
7,9,0,1,1,0,0.001008,0.004032,0.006512,0,0,0,0,0,0,0,0,0,0,0,0,0.7655,-0.12499,-0.76489,0.1145,1296,0,0,1,1,1,1,,,,,0.004032
7,10,0,1,1,0,0.00807,0.041119,0.038111,0,0,0,0,0,0,0,0,0,0,0,0,0.0532,-0.12551,-0.05311,0.05004,825,0,0,1,1,1,1,,,,,0.041119
7,11,0,1,1,0,0.003145,0.0239,0.078556,0,0,0,0,0,0,0,0,0,0,0,0,1.00229,0.0445,-0.99906,-0.175,1600,0,0,1,1,1,1,,,,,0.0239
12,13,0,1,1,0,0.018962,0.075847,0.004938,0,0,0,0,0,0,0,0,0,0,0,0,0.07185,-0.00801,-0.07175,-0.00093,445,0,0,1,1,1,1,,,,,0.075847
14,15,0,1,1,0,0.019041,0.076163,0.004704,0,0,0,0,0,0,0,0,0,0,0,0,0.09962,0.00461,-0.09942,-0.01268,515,0,0,1,1,1,1,,,,,0.076163
16,9,0,1,1,0,0.000784,0.013703,0.012414,0,0,0,0,0,0,0,0,0,0,0,0,0.00027,0.00369,-0.00027,-0.02832,1334,0,0,1,1,1,1,,,,,0.013703
17,11,0,1,1,0,0.001899,0.014436,0.024584,0,0,0,0,0,0,0,0,0,0,0,0,-0.6204,-0.0549,0.62115,0.01244,800,0,0,1,1,1,1,,,,,0.014436
18,19,0,1,1,0,0.003899,0.015595,0.000827,0,0,0,0,0,0,0,0,0,0,0,0,0.0083,-0.00136,-0.0083,-0.00027,610,0,0,1,1,1,1,,,,,0.015595
18,20,0,1,1,0,0.002786,0.011146,0.000689,0,0,0,0,0,0,0,0,0,0,0,0,0.0083,-0.00136,-0.0083,0,515,0,0,1,1,1,1,,,,,0.011146
18,21,0,1,1,0,0.012074,0.048297,0.002562,0,0,0,0,0,0,0,0,0,0,0,0,0.2672,0.07785,-0.26625,-0.07907,610,0,0,1,1,1,1,,,,,0.048297
18,22,0,1,1,0,0.011833,0.047332,0.00251,0,0,0,0,0,0,0,0,0,0,0,0,0.06955,0.00928,-0.06949,-0.014,610,0,0,1,1,1,1,,,,,0.047332
23,24,0,1,1,0,0.030443,0.12177,0.006458,0,0,0,0,0,0,0,0,0,0,0,0,-0.26647,0.0499,0.26877,-0.05338,610,0,0,1,1,1,1,,,,,0.12177
25,26,0,1,1,0,0.027501,0.110006,0.007161,0,0,0,0,0,0,0,0,0,0,0,0,-0.0913,0.03875,0.09158,-0.05221,445,0,0,1,1,1,1,,,,,0.110006
27,28,0,1,1,0,0.01354,0.05416,0.002872,0,0,0,0,0,0,0,0,0,0,0,0,0.0059,0.08117,-0.00581,-0.08642,610,0,0,1,1,1,1,,,,,0.05416
29,30,0,1,1,0,0.01354,0.05416,0.002872,0,0,0,0,0,0,0,0,0,0,0,0,0.00584,0.03104,-0.00582,-0.03671,610,0,0,1,1,1,1,,,,,0.05416
27,31,0,1,1,0,0.032665,0.130662,0.00693,0,0,0,0,0,0,0,0,0,0,0,0,0.00675,-0.03392,-0.00672,0.0203,610,0,0,1,1,1,1,,,,,0.130662
29,32,0,1,1,0,0.001966,0.058041,0,0,0,0,0,0,0,0,0,0,0,0,0,-0.02027,-0.02185,0.02027,0.0219,445,0,0,1,1,1,1,,,,,0.058041
27,33,0,1,1,0,0.001966,0.01094,0,0,0,0,0,0,0,0,0,0,0,0,0,0.1928,0.01907,-0.19273,-0.01865,445,0,0,1,1,1,1,,,,,0.01094
34,35,0,1,1,0,0.012272,0.154705,0.008943,0,0,0,0,0,0,0,0,0,0,0,0,0.10893,-0.00258,-0.10879,-0.01385,335,0,0,1,1,1,1,,,,,0.154705
7,10,0,1,1,0,0.003519,0.026741,0.04554,0,0,0,0,0,0,0,0,0,0,0,0,0.09106,-0.17595,-0.09097,0.08594,1500,0,0,1,1,1,1,,,,,0.026741
36,37,0,1,1,0,0.000513,0.002054,0.000112,0,0,0,0,0,0,0,0,0,0,0,0,0.23575,0.02654,-0.23572,-0.02664,710,0,0,1,1,1,1,,,,,0.002054
36,38,0,1,1,0,0.000523,0.002092,0.000114,0,0,0,0,0,0,0,0,0,0,0,0,0.14769,0.00874,-0.14768,-0.00892,710,0,0,1,1,1,1,,,,,0.002092
36,39,0,1,1,0,0.001243,0.004972,0.000264,0,0,0,0,0,0,0,0,0,0,0,0,-0.00446,-0.02899,0.00446,0.02848,610,0,0,1,1,1,1,,,,,0.004972
36,40,0,1,1,0,0.001243,0.004972,0.000264,0,0,0,0,0,0,0,0,0,0,0,0,-0.00446,-0.02899,0.00446,0.02848,610,0,0,1,1,1,1,,,,,0.004972
34,41,0,1,1,0,0.00852,0.034081,0.002113,0,0,0,0,0,0,0,0,0,0,0,0,0.05883,0.00508,-0.05881,-0.00928,380,0,0,1,1,1,1,,,,,0.034081
42,43,0,1,1,0,0.006195,0.024781,0.001531,0,0,0,0,0,0,0,0,0,0,0,0,0.12182,0.00924,-0.12173,-0.01196,515,0,0,1,1,1,1,,,,,0.024781
42,44,0,1,1,0,0.006574,0.026298,0.001712,0,0,0,0,0,0,0,0,0,0,0,0,0.18373,0.01134,-0.18351,-0.01391,445,0,0,1,1,1,1,,,,,0.026298
34,45,0,1,1,0,0.006584,0.026337,0.001715,0,0,0,0,0,0,0,0,0,0,0,0,0.07762,-0.0262,-0.07758,0.02286,445,0,0,1,1,1,1,,,,,0.026337
34,46,0,1,1,0,0.00524,0.020961,0.001295,0,0,0,0,0,0,0,0,0,0,0,0,0.11109,0.01367,-0.11103,-0.01605,515,0,0,1,1,1,1,,,,,0.020961
34,47,0,1,1,0,0.014863,0.059451,0.003153,0,0,0,0,0,0,0,0,0,0,0,0,0.24205,-0.02312,-0.2412,0.02012,610,0,0,1,1,1,1,,,,,0.059451
17,1,0,1,1,0,0.001255,0.009538,0.016243,0,0,0,0,0,0,0,0,0,0,0,0,0.80032,0.04109,-0.7995,-0.06652,800,0,0,1,1,1,1,,,,,0.009538
17,1,0,1,1,0,0.001255,0.009538,0.016243,0,0,0,0,0,0,0,0,0,0,0,0,0.80032,0.04109,-0.7995,-0.06652,800,0,0,1,1,1,1,,,,,0.009538
48,49,0,1,1,0,0.013204,0.052815,0.003438,0,0,0,0,0,0,0,0,0,0,0,0,0.08489,-0.0216,-0.08479,0.01525,445,0,0,1,1,1,1,,,,,0.052815
50,51,0,1,1,0,0.015189,0.060758,0.003222,0,0,0,0,0,0,0,0,0,0,0,0,0.05252,-0.0479,-0.05244,0.04195,610,0,0,1,1,1,1,,,,,0.060758
52,53,0,1,1,0,0.015189,0.060758,0.003222,0,0,0,0,0,0,0,0,0,0,0,0,0.0281,-0.00119,-0.02808,-0.00499,610,0,0,1,1,1,1,,,,,0.060758
3,50,0,1,1,0,0.007186,0.028746,0.001525,0,0,0,0,0,0,0,0,0,0,0,0,0.15193,-0.0425,-0.15175,0.04028,610,0,0,1,1,1,1,,,,,0.028746
3,52,0,1,1,0,0.007186,0.028746,0.001525,0,0,0,0,0,0,0,0,0,0,0,0,0.0526,-0.03148,-0.05257,0.02864,610,0,0,1,1,1,1,,,,,0.028746
29,54,0,1,1,0,0.031767,0.127068,0.006739,0,0,0,0,0,0,0,0,0,0,0,0,-0.04506,-0.01598,0.04513,0.00273,610,0,0,1,1,1,1,,,,,0.127068
29,55,0,1,1,0,0.032665,0.130662,0.00693,0,0,0,0,0,0,0,0,0,0,0,0,-0.00029,-0.0781,0.00046,0.06477,610,0,0,1,1,1,1,,,,,0.130662
7,56,0,1,1,0,0.000472,0.00189,0.02645,0,0,0,0,0,0,0,0,0,0,0,0,-0.92863,0.09686,0.92905,-0.14771,1600,0,0,1,1,1,1,,,,,0.00189
7,56,0,1,1,0,0.000482,0.001928,0.02116,0,0,0,0,0,0,0,0,0,0,0,0,-0.91042,0.09969,0.91083,-0.14007,1600,0,0,1,1,1,1,,,,,0.001928
1,57,0,1,1,0,0.000292,0.002223,0.003785,0,0,0,0,0,0,0,0,0,0,0,0,-0.52444,0.16526,0.52453,-0.17195,800,0,0,1,1,1,1,,,,,0.002223
1,57,0,1,1,0,0.000292,0.002223,0.003785,0,0,0,0,0,0,0,0,0,0,0,0,-0.52444,0.16526,0.52453,-0.17195,800,0,0,1,1,1,1,,,,,0.002223
7,17,0,1,1,0,0.002475,0.018809,0.062687,0,0,0,0,0,0,0,0,0,0,0,0,1.75231,0.13307,-1.74456,-0.19769,1600,0,0,1,1,1,1,,,,,0.018809
36,58,0,1,1,0,0.000472,0.002232,0.000225,0,0,0,0,0,0,0,0,0,0,0,0,0.51204,0.15774,-0.5119,-0.15752,800,0,0,1,1,1,1,,,,,0.002232
36,59,0,1,1,0,0.000472,0.002232,0.000225,0,0,0,0,0,0,0,0,0,0,0,0,0.34356,0.08825,-0.3435,-0.0884,800,0,0,1,1,1,1,,,,,0.002232
3,60,0,1,1,0,0.004391,0.017562,0.001085,0,0,0,0,0,0,0,0,0,0,0,0,0.08808,0.01369,-0.08804,-0.01564,515,0,0,1,1,1,1,,,,,0.017562
1,61,0,1,1,0,0.002473,0.018792,0.032002,0,0,0,0,0,0,0,0,0,0,0,0,0.49779,-0.07339,-0.49715,0.01584,800,0,0,1,1,1,1,,,,,0.018792
1,61,0,1,1,0,0.002473,0.018792,0.032002,0,0,0,0,0,0,0,0,0,0,0,0,0.49779,-0.07339,-0.49715,0.01584,800,0,0,1,1,1,1,,,,,0.018792
62,14,0,1,1,0,0.013729,0.054915,0.003392,0,0,0,0,0,0,0,0,0,0,0,0,0.22665,0.04447,-0.22589,-0.04784,515,0,0,1,1,1,1,,,,,0.054915
62,12,0,1,1,0,0.014373,0.057494,0.003049,0,0,0,0,0,0,0,0,0,0,0,0,0.21242,0.02174,-0.21174,-0.02481,610,0,0,1,1,1,1,,,,,0.057494
63,48,0,1,1,0,0.005432,0.021729,0.001152,0,0,0,0,0,0,0,0,0,0,0,0,0.15857,-0.00958,-0.15844,0.00787,610,0,0,1,1,1,1,,,,,0.021729
63,64,0,1,1,0,0.005432,0.021729,0.001152,0,0,0,0,0,0,0,0,0,0,0,0,0.02466,-0.00428,-0.02466,0.00202,610,0,0,1,1,1,1,,,,,0.021729
63,65,0,1,1,0,0.026238,0.10495,0.005566,0,0,0,0,0,0,0,0,0,0,0,0,0.06026,-0.0069,-0.06016,-0.00365,610,0,0,1,1,1,1,,,,,0.10495
63,66,0,1,1,0,0.026238,0.10495,0.005566,0,0,0,0,0,0,0,0,0,0,0,0,0.04212,-0.0116,-0.04207,0.00085,610,0,0,1,1,1,1,,,,,0.10495
23,67,0,1,1,0,0.004598,0.018392,0.001065,0,0,0,0,0,0,0,0,0,0,0,0,0.24248,0.04136,-0.2422,-0.04231,610,0,0,1,1,1,1,,,,,0.018392
67,68,0,1,1,0,0.001891,0.007563,0.000427,0,0,0,0,0,0,0,0,0,0,0,0,0.11176,0.02065,-0.11174,-0.02139,610,0,0,1,1,1,1,,,,,0.007563
67,69,0,1,1,0,0.005451,0.021803,0.001347,0,0,0,0,0,0,0,0,0,0,0,0,0.09635,0.01332,-0.0963,-0.01574,240,0,0,1,1,1,1,,,,,0.021803
44,70,0,1,1,0,0.025087,0.100348,0.005322,0,0,0,0,0,0,0,0,0,0,0,0,-0.0115,-0.00629,0.01151,-0.00441,610,0,0,1,1,1,1,,,,,0.100348
10,71,0,1,1,0,0.00245,0.018619,0.031708,0,0,0,0,0,0,0,0,0,0,0,0,0.00533,-0.14155,-0.0053,0.07829,800,0,0,1,1,1,1,,,,,0.018619
63,72,0,1,1,0,0.015271,0.061084,0.00324,0,0,0,0,0,0,0,0,0,0,0,0,0.0582,-0.00296,-0.05815,-0.0032,610,0,0,1,1,1,1,,,,,0.061084
63,73,0,1,1,0,0.015271,0.061084,0.00324,0,0,0,0,0,0,0,0,0,0,0,0,0.03297,-0.01726,-0.03295,0.01097,610,0,0,1,1,1,1,,,,,0.061084
23,74,0,1,1,0,0.003646,0.014585,0.000774,0,0,0,0,0,0,0,0,0,0,0,0,0.05942,0.00837,-0.0594,-0.00983,610,0,0,1,1,1,1,,,,,0.014585
63,75,0,1,1,0,0.019599,0.078397,0.004158,0,0,0,0,0,0,0,0,0,0,0,0,0.00843,-0.07955,-0.00832,0.07178,610,0,0,1,1,1,1,,,,,0.078397
76,7,0,1,1,0,0.000864,0.010408,0.017725,0,0,0,0,0,0,0,0,0,0,0,0,-0.6902,-0.33443,0.69071,0.30547,1758,0,0,1,1,1,1,,,,,0.010408
76,7,0,1,1,0,0.000864,0.010408,0.017725,0,0,0,0,0,0,0,0,0,0,0,0,-0.6902,-0.33443,0.69071,0.30547,1758,0,0,1,1,1,1,,,,,0.010408
76,57,0,1,1,0,0.005036,0.026249,0.02378,0,0,0,0,0,0,0,0,0,0,0,0,1.20963,-0.03496,-1.20215,0.02737,350,0,0,1,1,1,1,,,,,0.026249
76,57,0,1,1,0,0.004977,0.025944,0.023504,0,0,0,0,0,0,0,0,0,0,0,0,1.22385,-0.03483,-1.21628,0.02824,350,0,0,1,1,1,1,,,,,0.025944
76,77,0,1,1,0,0.00109,0.008283,0.014106,0,0,0,0,0,0,0,0,0,0,0,0,-0.97088,0.38251,0.9721,-0.40098,800,0,0,1,1,1,1,,,,,0.008283
76,77,0,1,1,0,0.00109,0.008283,0.014106,0,0,0,0,0,0,0,0,0,0,0,0,-0.97088,0.38251,0.9721,-0.40098,800,0,0,1,1,1,1,,,,,0.008283
76,78,0,1,1,0,0.001454,0.007577,0.006864,0,0,0,0,0,0,0,0,0,0,0,0,0.00397,-0.03624,-0.00396,0.02272,800,0,0,1,1,1,1,,,,,0.007577
3,79,0,1,1,0,0.012874,0.051498,0.003181,0,0,0,0,0,0,0,0,0,0,0,0,0.10369,-0.00427,-0.10355,-0.0013,515,0,0,1,1,1,1,,,,,0.051498
18,80,0,1,1,0,0.0057,0.022801,0.001209,0,0,0,0,0,0,0,0,0,0,0,0,0.20931,0.01576,-0.20906,-0.01713,610,0,0,1,1,1,1,,,,,0.022801
62,81,0,1,1,0,0.005211,0.020844,0.001105,0,0,0,0,0,0,0,0,0,0,0,0,0.04448,0.00981,-0.04447,-0.01188,610,0,0,1,1,1,1,,,,,0.020844
62,82,0,1,1,0,0.004462,0.017849,0.001103,0,0,0,0,0,0,0,0,0,0,0,0,0.14616,-0.00764,-0.14606,0.00593,515,0,0,1,1,1,1,,,,,0.017849
83,3,0,1,1,0,0.001886,0.01079,0.001112,0,0,0,0,0,0,0,0,0,0,0,0,-0.6107,-0.19958,0.61151,0.20207,770,0,0,1,1,1,1,,,,,0.01079
84,3,0,1,1,0,0.001886,0.01079,0.001112,0,0,0,0,0,0,0,0,0,0,0,0,-0.50133,-0.0867,0.50184,0.08746,770,0,0,1,1,1,1,,,,,0.01079
85,35,0,1,1,0,0.00508,0.02032,0.00205,0,0,0,0,0,0,0,0,0,0,0,0,0.02633,0.01943,-0.02632,-0.02358,800,0,0,1,1,1,1,,,,,0.02032
23,86,0,1,1,0,0.001878,0.007513,0.000398,0,0,0,0,0,0,0,0,0,0,0,0,0.04701,0.01065,-0.047,-0.01141,610,0,0,1,1,1,1,,,,,0.007513
21,87,0,1,1,0,0.025316,0.101263,0.005371,0,0,0,0,0,0,0,0,0,0,0,0,0.06046,-0.00355,-0.06036,-0.00651,610,0,0,1,1,1,1,,,,,0.101263
88,35,0,1,1,0,0.012494,0.049978,0.002651,0,0,0,0,0,0,0,0,0,0,0,0,-0.13118,-0.04057,0.13142,0.03612,610,0,0,1,1,1,1,,,,,0.049978
42,89,0,1,1,0,0.012494,0.049978,0.002651,0,0,0,0,0,0,0,0,0,0,0,0,0.09177,0.04775,-0.09163,-0.05254,610,0,0,1,1,1,1,,,,,0.049978
62,90,0,1,1,0,0.01597,0.075493,0.007618,0,0,0,0,0,0,0,0,0,0,0,0,0.21972,0.05012,-0.21886,-0.06052,800,0,0,1,1,1,1,,,,,0.075493
62,91,0,1,1,0,0.01597,0.075493,0.007618,0,0,0,0,0,0,0,0,0,0,0,0,0.16678,0.01531,-0.16631,-0.02759,800,0,0,1,1,1,1,,,,,0.075493
62,92,0,1,1,0,0.015516,0.062064,0.003292,0,0,0,0,0,0,0,0,0,0,0,0,0.03033,0.00335,-0.03032,-0.00958,610,0,0,1,1,1,1,,,,,0.062064
62,93,0,1,1,0,0.015516,0.062064,0.003292,0,0,0,0,0,0,0,0,0,0,0,0,-0.12553,-0.09591,0.12593,0.09114,610,0,0,1,1,1,1,,,,,0.062064
45,94,0,1,1,0,0.025087,0.100348,0.005322,0,0,0,0,0,0,0,0,0,0,0,0,-0.02694,-0.00744,0.02696,-0.00338,610,0,0,1,1,1,1,,,,,0.100348
95,42,0,1,1,0,0.000599,0.002831,0.000286,0,0,0,0,0,0,0,0,0,0,0,0,-0.03158,-0.00622,0.03158,0.00565,800,0,0,1,1,1,1,,,,,0.002831
96,34,0,1,1,0,0.000599,0.002831,0.000286,0,0,0,0,0,0,0,0,0,0,0,0,-0.01476,0.00095,0.01476,-0.00153,800,0,0,1,1,1,1,,,,,0.002831
27,97,0,1,1,0,0.010589,0.042357,0.002757,0,0,0,0,0,0,0,0,0,0,0,0,-0.01301,-0.0224,0.01302,0.01698,445,0,0,1,1,1,1,,,,,0.042357
24,98,0,1,1,0,0.021396,0.085583,0.004539,0,0,0,0,0,0,0,0,0,0,0,0,-0.34948,0.0951,0.35235,-0.09255,610,0,0,1,1,1,1,,,,,0.085583
99,56,0,1,1,0,0.000265,0.003956,0.008993,0,0,0,0,0,0,0,0,0,0,0,0,1.21399,-0.21776,-1.21359,0.20596,1000,0,0,1,1,1,1,,,,,0.003956
99,56,0,1,1,0,0.000586,0.003926,0.008993,0,0,0,0,0,0,0,0,0,0,0,0,1.19173,-0.31543,-1.19083,0.30357,1000,0,0,1,1,1,1,,,,,0.003926
93,100,0,1,1,0,0.002617,0.01047,0.000555,0,0,0,0,0,0,0,0,0,0,0,0,-0.301,-0.09796,0.30127,0.09795,610,0,0,1,1,1,1,,,,,0.01047
23,101,0,1,1,0,0.000817,0.003267,0.000173,0,0,0,0,0,0,0,0,0,0,0,0,0.1437,0.02344,-0.14368,-0.02371,610,0,0,1,1,1,1,,,,,0.003267
47,26,0,1,1,0,0.006887,0.027547,0.001461,0,0,0,0,0,0,0,0,0,0,0,0,0.20799,-0.02062,-0.20769,0.01883,610,0,0,1,1,1,1,,,,,0.027547
101,102,0,1,1,0,0.006887,0.027547,0.001461,0,0,0,0,0,0,0,0,0,0,0,0,0.1799,0.03322,-0.17966,-0.03514,610,0,0,1,1,1,1,,,,,0.027547
103,47,0,1,1,0,0.00109,0.004361,0.000231,0,0,0,0,0,0,0,0,0,0,0,0,0.00102,0.00187,-0.00102,-0.00234,610,0,0,1,1,1,1,,,,,0.004361
104,101,0,1,1,0,0.003137,0.01255,0.000666,0,0,0,0,0,0,0,0,0,0,0,0,-0.04793,-0.00502,0.04794,0.00375,610,0,0,1,1,1,1,,,,,0.01255
63,105,0,1,1,0,0.014373,0.057491,0.003049,0,0,0,0,0,0,0,0,0,0,0,0,0.00391,-0.03019,-0.0039,0.02423,610,0,0,1,1,1,1,,,,,0.057491
63,106,0,1,1,0,0.014373,0.057491,0.003049,0,0,0,0,0,0,0,0,0,0,0,0,0.09233,-0.04629,-0.09218,0.04089,610,0,0,1,1,1,1,,,,,0.057491
107,32,0,1,1,0,0.001966,0.023819,0,0,0,0,0,0,0,0,0,0,0,0,0,0.01537,0.01477,-0.01537,-0.01476,800,0,0,1,1,1,1,,,,,0.023819
61,108,0,1,1,0,0.001163,0.005117,0.000014,0,0,0,0,0,0,0,0,0,0,0,0,0.00087,-0.00595,-0.00087,0.00592,503,0,0,1,1,1,1,,,,,0.005117
109,73,0,1,1,0,0.000678,0.003143,0,0,0,0,0,0,0,0,0,0,0,0,0,0.03248,0.02353,-0.03248,-0.02353,0,0,0,1,1,1,1,,,,,0.003143
110,111,0,1,1,0,0.007451,0.029803,0,0,0,0,0,0,0,0,0,0,0,0,0,0.00972,0.02824,-0.00971,-0.02821,445,0,0,1,1,1,1,,,,,0.029803
112,113,0,1,1,0,0.118517,0.474069,0.000217,0,0,0,0,0,0,0,0,0,0,0,0,0.00486,-0.00246,-0.00486,0.00207,380,0,0,1,1,1,1,,,,,0.474069
114,115,0,1,1,0,0.007474,0.036125,0.000011,0,0,0,0,0,0,0,0,0,0,0,0,0.02759,0.00209,-0.02758,-0.00208,1220,0,0,1,1,1,1,,,,,0.036125
114,116,0,1,1,0,0.007474,0.036125,0.000011,0,0,0,0,0,0,0,0,0,0,0,0,0.01409,0.00033,-0.01409,-0.00034,1220,0,0,1,1,1,1,,,,,0.036125
117,118,0,1,1,0,0.057524,0.230095,0.000448,0,0,0,0,0,0,0,0,0,0,0,0,0.00035,-0.01331,-0.00034,0.01254,380,0,0,1,1,1,1,,,,,0.230095
66,119,0,1,1,0,0.0001,0.001,0,0,0,0,0,0,0,0,0,0,0,0,0,0.00173,-0.01168,-0.00173,0.01168,0,0,0,1,1,1,1,,,,,0.001
120,121,0,1,1,0,0.0001,0.001,0,0,0,0,0,0,0,0,0,0,0,0,0,-0.00006,0.00288,0.00006,-0.00288,0,0,0,1,1,1,1,,,,,0.001
122,123,0,1,1,0,0.0001,0.001,0,0,0,0,0,0,0,0,0,0,0,0,0,0.02461,0.00916,-0.02461,-0.00916,0,0,0,1,1,1,1,,,,,0.001
122,124,0,1,1,0,0.0001,0.001,0,0,0,0,0,0,0,0,0,0,0,0,0,-0.00309,-0.00043,0.00309,0.00043,0,0,0,1,1,1,1,,,,,0.001
125,126,0,1,1,0,0.0001,0.001,0,0,0,0,0,0,0,0,0,0,0,0,0,0.06811,-0.00583,-0.06811,0.00583,0,0,0,1,1,1,1,,,,,0.001
127,128,0,1,1,1,0.000116,0.019998,0,0,0,0,0,0,1,0,0,0,0,0,0,1.93718,0.34556,0,0,0,0,0,1,1,1,1,,,,,0.019998
7,128,0,1,1,1,0.000083,0.002809,0,0,0,0,0,0,1.015,0,0,0,0,0,0,-1.93589,-0.28061,0,0,0,0,0,1,1,1,1,,,,,-0.002809
127,129,0,1,1,1,0.000126,0.021127,0,0,0,0,0,0,1,0,0,0,0,0,0,1.74344,0.31453,0,0,0,0,0,1,1,1,1,,,,,0.021127
7,129,0,1,1,1,0.000057,0.002033,0,0,0,0,0,0,1.015,0,0,0,0,0,0,-1.74258,-0.25655,0,0,0,0,0,1,1,1,1,,,,,-0.002033
30,130,0,1,1,1,0.006928,0.19543,0,0,0,0,0,0,0.920031,0,0,0,0,0,0,0.00344,0.01639,-0.00344,-0.01634,0,0,0,1,1,1,1,,,,,0.19543
55,131,0,1,1,1,0.006281,0.19611,0,0,0,0,0,0,1.037655,0,0,0,0,0,0,0.00274,-0.05752,-0.00272,0.05821,0,0,0,1,1,1,1,,,,,0.19611
55,132,0,1,1,1,0.010766,0.291436,0,0,0,0,0,0,1.037655,0,0,0,0,0,0,-0.00335,-0.00718,0.00335,0.0072,0,0,0,1,1,1,1,,,,,0.291436
28,133,0,1,1,1,0.007336,0.193051,0,0,0,0,0,0,0.908385,0,0,0,0,0,0,0.00333,0.00392,-0.00333,-0.00391,0,0,0,1,1,1,1,,,,,0.193051
31,134,0,1,1,1,0.009189,0.232928,0,0,0,0,0,0,1.024845,0,0,0,0,0,0,0.00325,-0.03736,-0.00324,0.03771,0,0,0,1,1,1,1,,,,,0.232928
30,135,0,1,1,1,0.007252,0.1936,0,0,0,0,0,0,0.908385,0,0,0,0,0,0,0.00224,0.02033,-0.00224,-0.02026,0,0,0,1,1,1,1,,,,,0.1936
54,136,0,1,1,1,0.007266,0.211,0,0,0,0,0,0,0.9875,0,0,0,0,0,0,-0.03357,-0.00186,0.03358,0.00209,0,0,0,1,1,1,1,,,,,0.211
54,137,0,1,1,1,0.006924,0.2064,0,0,0,0,0,0,1,0,0,0,0,0,0,-0.0117,-0.00085,0.0117,0.00088,0,0,0,1,1,1,1,,,,,0.2064
99,138,0,1,1,1,0.000263,0.039913,0,0,0,0,0,0,1.127329,0,0,0,0,0,0,-2.40214,0.53352,2.40418,-0.22393,0,0,0,1,1,1,1,,,,,0.039913
94,139,0,1,1,1,0.005611,0.169682,0,0,0,0,0,0,1.022727,0,0,0,0,0,0,-0.01257,0.00451,0.01257,-0.00448,0,0,0,1,1,1,1,,,,,0.169682
31,140,0,1,1,1,0.008312,0.237356,0,0,0,0,0,0,1.037655,0,0,0,0,0,0,0.0034,0.01706,-0.00339,-0.01698,0,0,0,1,1,1,1,,,,,0.237356
71,141,0,1,1,1,0.002389,0.111537,0,0,0,0,0,0,1.039733,0,0,0,0,0,0,0.00152,0.01857,-0.00151,-0.01853,0,0,0,1,1,1,1,,,,,0.111537
28,142,0,1,1,1,0.007125,0.196162,0,0,0,0,0,0,0.908385,0,0,0,0,0,0,0.00251,0.08253,-0.00247,-0.0814,0,0,0,1,1,1,1,,,,,0.196162
77,143,0,1,1,1,0.000224,0.041889,0,0,0,0,0,0,1.127329,0,0,0,0,0,0,-1.94365,0.80222,1.94494,-0.56215,0,0,0,1,1,1,1,,,,,0.041889
71,144,0,1,1,1,0.002472,0.115043,0,0,0,0,0,0,1.039733,0,0,0,0,0,0,0.00166,0.02,-0.00166,-0.01995,0,0,0,1,1,1,1,,,,,0.115043
85,145,0,1,1,1,0.007933,0.213849,0,0,0,0,0,0,1.090062,0,0,0,0,0,0,0.00161,-0.04586,-0.0016,0.04639,0,0,0,1,1,1,1,,,,,0.213849
70,146,0,1,1,1,0.007872,0.2068,0,0,0,0,0,0,1.022727,0,0,0,0,0,0,-0.00689,-0.00003,0.00689,0.00004,0,0,0,1,1,1,1,,,,,0.2068
94,147,0,1,1,1,0.005563,0.166508,0,0,0,0,0,0,1.022727,0,0,0,0,0,0,-0.01435,-0.00113,0.01435,0.00116,0,0,0,1,1,1,1,,,,,0.166508
70,148,0,1,1,1,0.007872,0.2106,0,0,0,0,0,0,0.974026,0,0,0,0,0,0,-0.00461,0.00444,0.00461,-0.00444,0,0,0,1,1,1,1,,,,,0.2106
100,149,0,1,1,1,0.007676,0.214,0,0,0,0,0,0,0.974026,0,0,0,0,0,0,-0.20816,-0.0737,0.20853,0.08384,0,0,0,1,1,1,1,,,,,0.214
97,150,0,1,1,1,0.007772,0.214,0,0,0,0,0,0,1.020408,0,0,0,0,0,0,-0.01307,-0.01694,0.01307,0.01705,0,0,0,1,1,1,1,,,,,0.214
98,151,0,1,1,1,0.00736,0.21,0,0,0,0,0,0,1.020408,0,0,0,0,0,0,-0.09811,0.03291,0.09819,-0.03053,0,0,0,1,1,1,1,,,,,0.21
98,152,0,1,1,1,0.00736,0.21,0,0,0,0,0,0,1.020408,0,0,0,0,0,0,-0.25429,0.05952,0.25482,-0.04435,0,0,0,1,1,1,1,,,,,0.21
85,153,0,1,1,1,0.007963,0.21509,0,0,0,0,0,0,1.090062,0,0,0,0,0,0,0.00083,0.0023,-0.00083,-0.00229,0,0,0,1,1,1,1,,,,,0.21509
85,154,0,1,1,1,0.007829,0.223578,0,0,0,0,0,0,1.090062,0,0,0,0,0,0,-0.02599,0.05637,0.02603,-0.05536,0,0,0,1,1,1,1,,,,,0.223578
85,155,0,1,1,1,0.007829,0.221509,0,0,0,0,0,0,1.090062,0,0,0,0,0,0,-0.0028,-0.03223,0.00281,0.0325,0,0,0,1,1,1,1,,,,,0.221509
71,156,0,1,1,1,0.002451,0.11329,0,0,0,0,0,0,1.039733,0,0,0,0,0,0,0.00224,-0.11702,-0.00221,0.11869,0,0,0,1,1,1,1,,,,,0.11329
107,157,0,1,1,1,0.004237,0.15375,0,0,0,0,0,0,1.010552,0,0,0,0,0,0,-0.01537,-0.01473,0.01538,0.0148,0,0,0,1,1,1,1,,,,,0.15375
100,158,0,1,1,1,0.007996,0.214,0,0,0,0,0,0,0.974026,0,0,0,0,0,0,-0.09309,-0.02426,0.09316,0.02619,0,0,0,1,1,1,1,,,,,0.214
109,159,0,1,1,1,0.00754,0.2032,0,0,0,0,0,0,1.010552,0,0,0,0,0,0,-0.03249,-0.02349,0.0325,0.02383,0,0,0,1,1,1,1,,,,,0.2032
2,160,0,1,1,1,0.001795,0.0938,0,0,0,0,0,0,1.010552,0,0,0,0,0,0,0.00189,0.00606,-0.00189,-0.00606,0,0,0,1,1,1,1,,,,,0.0938
4,161,0,1,1,1,0.008136,0.2042,0,0,0,0,0,0,1.013513,0,0,0,0,0,0,0.00176,-0.06299,-0.00172,0.06385,0,0,0,1,1,1,1,,,,,0.2042
4,162,0,1,1,1,0.008136,0.2042,0,0,0,0,0,0,1,0,0,0,0,0,0,0.00134,-0.09311,-0.00126,0.09495,0,0,0,1,1,1,1,,,,,0.2042
6,163,0,1,1,1,0.000154,0.011564,0,0,0,0,0,0,1,0,0,0,0,0,0,0.00243,-0.07086,-0.00243,0.07092,0,0,0,1,1,1,1,,,,,0.011564
5,164,0,1,1,1,0.001912,0.0938,0,0,0,0,0,0,1,0,0,0,0,0,0,0.00341,0.0579,-0.00341,-0.05758,0,0,0,1,1,1,1,,,,,0.0938
14,165,0,1,1,1,0.004278,0.197077,0,0,0,0,0,0,0.980435,0,0,0,0,0,0,0.1263,0.0432,0,0,0,0,0,1,1,1,1,,,,,0.197077
166,165,0,1,1,1,0.002805,0.01226,0,0,0,0,0,0,0.98,0,0,0,0,0,0,-0.06425,-0.00982,0,0,0,0,0,1,1,1,1,,,,,-0.01226
167,165,0,1,1,1,0.003333,0.134861,0,0,0,0,0,0,1.05,0,0,0,0,0,0,-0.06205,-0.02919,0,0,0,0,0,1,1,1,1,,,,,0.134861
12,168,0,1,1,1,0.011208,0.325164,0,0,0,0,0,0,0.992391,0,0,0,0,0,0,0.13999,0.03281,0,0,0,0,0,1,1,1,1,,,,,0.325164
117,168,0,1,1,1,0.004393,0.017573,0,0,0,0,0,0,0.98,0,0,0,0,0,0,-0.07674,0.00663,0,0,0,0,0,1,1,1,1,,,,,-0.017573
169,168,0,1,1,1,0.008303,0.208692,0,0,0,0,0,0,1.05,0,0,0,0,0,0,-0.06316,-0.03144,0,0,0,0,0,1,1,1,1,,,,,0.208692
48,170,0,1,1,1,0.004302,0.196711,0,0,0,0,0,0,0.992391,0,0,0,0,0,0,0.07366,0.01375,0,0,0,0,0,1,1,1,1,,,,,0.196711
171,170,0,1,1,1,0.002144,0.008575,0,0,0,0,0,0,0.98,0,0,0,0,0,0,-0.02592,-0.00683,0,0,0,0,0,1,1,1,1,,,,,-0.008575
172,170,0,1,1,1,0.003331,0.123516,0,0,0,0,0,0,1.05,0,0,0,0,0,0,-0.04755,-0.00556,0,0,0,0,0,1,1,1,1,,,,,0.123516
64,173,0,1,1,1,0.004302,0.196711,0,0,0,0,0,0,1.004348,0,0,0,0,0,0,0.02475,-0.00199,0,0,0,0,0,1,1,1,1,,,,,0.196711
174,173,0,1,1,1,0.002144,0.008575,0,0,0,0,0,0,0.98,0,0,0,0,0,0,-0.00056,0.00428,0,0,0,0,0,1,1,1,1,,,,,-0.008575
175,173,0,1,1,1,0.003331,0.123516,0,0,0,0,0,0,1.05,0,0,0,0,0,0,-0.02424,-0.00211,0,0,0,0,0,1,1,1,1,,,,,0.123516
15,176,0,1,1,1,0.007431,0.31587,0,0,0,0,0,0,0.985217,0,0,0,0,0,0,0.0994,0.01272,0,0,0,0,0,1,1,1,1,,,,,0.31587
177,176,0,1,1,1,0.004103,0.016411,0,0,0,0,0,0,0.98,0,0,0,0,0,0,-0.02266,0.0026,0,0,0,0,0,1,1,1,1,,,,,-0.016411
178,176,0,1,1,1,0.006781,0.197946,0,0,0,0,0,0,1.05,0,0,0,0,0,0,-0.07673,-0.01082,0,0,0,0,0,1,1,1,1,,,,,0.197946
13,179,0,1,1,1,0.008787,0.30004,0,0,0,0,0,0,1.042609,0,0,0,0,0,0,0.07157,0.00091,0,0,0,0,0,1,1,1,1,,,,,0.30004
112,179,0,1,1,1,0.004792,0.01917,0,0,0,0,0,0,1.026667,0,0,0,0,0,0,-0.04519,0.00571,0,0,0,0,0,1,1,1,1,,,,,-0.01917
180,179,0,1,1,1,0.006796,0.199543,0,0,0,0,0,0,1.05,0,0,0,0,0,0,-0.02585,-0.00476,0,0,0,0,0,1,1,1,1,,,,,0.199543
25,181,0,1,1,1,0.004281,0.20156,0,0,0,0,0,0,1.040217,0,0,0,0,0,0,0.09134,-0.03876,0,0,0,0,0,1,1,1,1,,,,,0.20156
182,181,0,1,1,1,0.003175,0.013084,0,0,0,0,0,0,0.98,0,0,0,0,0,0,-0.05487,-0.0092,0,0,0,0,0,1,1,1,1,,,,,-0.013084
183,181,0,1,1,1,0.003342,0.133123,0,0,0,0,0,0,1.05,0,0,0,0,0,0,-0.03654,0.05056,0,0,0,0,0,1,1,1,1,,,,,0.133123
24,184,0,1,1,1,0.010785,0.310497,0,0,0,0,0,0,1.056957,0,0,0,0,0,0,0.08069,-0.0418,0,0,0,0,0,1,1,1,1,,,,,0.310497
185,184,0,1,1,1,0.00472,0.01888,0,0,0,0,0,0,0.98,0,0,0,0,0,0,-0.02139,-0.00416,0,0,0,0,0,1,1,1,1,,,,,-0.01888
186,184,0,1,1,1,0.008421,0.214647,0,0,0,0,0,0,1.05,0,0,0,0,0,0,-0.05913,0.05026,0,0,0,0,0,1,1,1,1,,,,,0.214647
102,187,0,1,1,1,0.005294,0.205494,0,0,0,0,0,0,0.992391,0,0,0,0,0,0,0.17955,0.03513,0,0,0,0,0,1,1,1,1,,,,,0.205494
188,187,0,1,1,1,0.003065,0.01226,0,0,0,0,0,0,1.026667,0,0,0,0,0,0,-0.06248,-0.01391,0,0,0,0,0,1,1,1,1,,,,,-0.01226
189,187,0,1,1,1,0.003818,0.129189,0,0,0,0,0,0,1.05,0,0,0,0,0,0,-0.11658,-0.01248,0,0,0,0,0,1,1,1,1,,,,,0.129189
26,190,0,1,1,1,0.005252,0.205403,0,0,0,0,0,0,0.968478,0,0,0,0,0,0,0.11599,0.0334,0,0,0,0,0,1,1,1,1,,,,,0.205403
191,190,0,1,1,1,0.003042,0.012169,0,0,0,0,0,0,1.026667,0,0,0,0,0,0,-0.03996,-0.00639,0,0,0,0,0,1,1,1,1,,,,,-0.012169
192,190,0,1,1,1,0.00377,0.129463,0,0,0,0,0,0,1.05,0,0,0,0,0,0,-0.07668,-0.02334,0,0,0,0,0,1,1,1,1,,,,,0.129463
50,193,0,1,1,1,0.005473,0.30513,0,0,0,0,0,0,0.992391,0,0,0,0,0,0,0.09925,0.00762,0,0,0,0,0,1,1,1,1,,,,,0.30513
194,193,0,1,1,1,0.004857,0.069626,0,0,0,0,0,0,0.98,0,0,0,0,0,0,-0.05313,0.00671,0,0,0,0,0,1,1,1,1,,,,,-0.069626
195,193,0,1,1,1,0.002068,0.21748,0,0,0,0,0,0,1.05,0,0,0,0,0,0,-0.04605,-0.01095,0,0,0,0,0,1,1,1,1,,,,,0.21748
52,196,0,1,1,1,0.005473,0.30513,0,0,0,0,0,0,1.016304,0,0,0,0,0,0,0.02449,-0.0274,0,0,0,0,0,1,1,1,1,,,,,0.30513
197,196,0,1,1,1,0.004857,0.069626,0,0,0,0,0,0,0.98,0,0,0,0,0,0,-0.00043,0.01986,0,0,0,0,0,1,1,1,1,,,,,-0.069626
198,196,0,1,1,1,0.002068,0.21748,0,0,0,0,0,0,1.05,0,0,0,0,0,0,-0.02406,0.00799,0,0,0,0,0,1,1,1,1,,,,,0.21748
44,199,0,1,1,1,0.004322,0.197077,0,0,0,0,0,0,1.016304,0,0,0,0,0,0,0.19506,0.02018,0,0,0,0,0,1,1,1,1,,,,,0.197077
125,199,0,1,1,1,0.002818,0.01226,0,0,0,0,0,0,0.98,0,0,0,0,0,0,-0.07238,-0.02489,0,0,0,0,0,1,1,1,1,,,,,-0.01226
200,199,0,1,1,1,0.003281,0.134861,0,0,0,0,0,0,1.05,0,0,0,0,0,0,-0.12254,0.01458,0,0,0,0,0,1,1,1,1,,,,,0.134861
45,201,0,1,1,1,0.004283,0.19726,0,0,0,0,0,0,1.040217,0,0,0,0,0,0,0.10447,-0.01543,0,0,0,0,0,1,1,1,1,,,,,0.19726
122,201,0,1,1,1,0.002762,0.014273,0,0,0,0,0,0,0.98,0,0,0,0,0,0,-0.01728,-0.00752,0,0,0,0,0,1,1,1,1,,,,,-0.014273
202,201,0,1,1,1,0.003339,0.135227,0,0,0,0,0,0,1.05,0,0,0,0,0,0,-0.08719,0.02646,0,0,0,0,0,1,1,1,1,,,,,0.135227
33,203,0,1,1,1,0.009451,0.305704,0,0,0,0,0,0,0.999565,0,0,0,0,0,0,0.19262,0.01867,0,0,0,0,0,1,1,1,1,,,,,0.305704
204,203,0,1,1,1,0.004719,0.021639,0,0,0,0,0,0,1.026667,0,0,0,0,0,0,-0.02657,-0.00108,0,0,0,0,0,1,1,1,1,,,,,-0.021639
205,203,0,1,1,1,0.006316,0.202593,0,0,0,0,0,0,1.05,0,0,0,0,0,0,-0.16529,-0.00031,0,0,0,0,0,1,1,1,1,,,,,0.202593
41,206,0,1,1,1,0.007459,0.193234,0,0,0,0,0,0,0.979296,0,0,0,0,0,0,0.05877,0.00928,-0.05875,-0.00864,0,0,0,1,1,1,1,,,,,0.193234
69,207,0,1,1,1,0.012863,0.281741,0,0,0,0,0,0,0.945135,0,0,0,0,0,0,0.09636,0.01572,-0.09624,-0.01326,0,0,0,1,1,1,1,,,,,0.281741
68,208,0,1,1,1,0.007156,0.191953,0,0,0,0,0,0,0.951967,0,0,0,0,0,0,0.1118,0.02138,-0.11172,-0.01907,0,0,0,1,1,1,1,,,,,0.191953
43,209,0,1,1,1,0.007776,0.191038,0,0,0,0,0,0,0.938302,0,0,0,0,0,0,0.1214,0.01195,-0.12129,-0.00947,0,0,0,1,1,1,1,,,,,0.191038
1,210,0,1,1,1,0.0007,0.081327,0,0,0,0,0,0,1.004348,0,0,0,0,0,0,0.81623,0.01443,0,0,0,0,0,1,1,1,1,,,,,0.081327
3,210,0,1,1,1,0.0007,0.008234,0,0,0,0,0,0,1,0,0,0,0,0,0,-0.74332,-0.0286,0,0,0,0,0,1,1,1,1,,,,,-0.008234
211,210,0,1,1,1,0.001643,0.139375,0,0,0,0,0,0,1.05,0,0,0,0,0,0,-0.07208,0.06691,0,0,0,0,0,1,1,1,1,,,,,0.139375
1,212,0,1,1,1,0.000964,0.081226,0,0,0,0,0,0,1.004348,0,0,0,0,0,0,0.82166,0.01494,0,0,0,0,0,1,1,1,1,,,,,0.081226
3,212,0,1,1,1,0.000436,0.008438,0,0,0,0,0,0,1,0,0,0,0,0,0,-0.76972,-0.0342,0,0,0,0,0,1,1,1,1,,,,,-0.008438
213,212,0,1,1,1,0.001907,0.140188,0,0,0,0,0,0,1.05,0,0,0,0,0,0,-0.05103,0.07194,0,0,0,0,0,1,1,1,1,,,,,0.140188
17,214,0,1,1,1,0.002055,0.117607,0,0,0,0,0,0,0.985217,0,0,0,0,0,0,0.37462,0.08258,0,0,0,0,0,1,1,1,1,,,,,0.117607
18,214,0,1,1,1,0.000996,0.007815,0,0,0,0,0,0,1,0,0,0,0,0,0,-0.20387,-0.02283,0,0,0,0,0,1,1,1,1,,,,,-0.007815
215,214,0,1,1,1,0.002069,0.06538,0,0,0,0,0,0,1.05,0,0,0,0,0,0,-0.17039,-0.0408,0,0,0,0,0,1,1,1,1,,,,,0.06538
17,216,0,1,1,1,0.001766,0.117569,0,0,0,0,0,0,0.985217,0,0,0,0,0,0,0.38979,0.08786,0,0,0,0,0,1,1,1,1,,,,,0.117569
18,216,0,1,1,1,0.000802,0.009302,0,0,0,0,0,0,1,0,0,0,0,0,0,-0.35924,-0.07733,0,0,0,0,0,1,1,1,1,,,,,-0.009302
217,216,0,1,1,1,0.002067,0.066943,0,0,0,0,0,0,1.05,0,0,0,0,0,0,-0.03023,0.00685,0,0,0,0,0,1,1,1,1,,,,,0.066943
9,218,0,1,1,1,0.000866,0.078303,0,0,0,0,0,0,0.992391,0,0,0,0,0,0,0.76511,-0.08608,0,0,0,0,0,1,1,1,1,,,,,0.078303
34,218,0,1,1,1,0.000284,0.007752,0,0,0,0,0,0,1,0,0,0,0,0,0,-0.72557,0.04574,0,0,0,0,0,1,1,1,1,,,,,-0.007752
219,218,0,1,1,1,0.001305,0.077998,0,0,0,0,0,0,0.98,0,0,0,0,0,0,-0.03879,0.08303,0,0,0,0,0,1,1,1,1,,,,,0.077998
79,220,0,1,1,1,0.003845,0.204945,0,0,0,0,0,0,0.992391,0,0,0,0,0,0,0.10362,0.00132,0,0,0,0,0,1,1,1,1,,,,,0.204945
221,220,0,1,1,1,0.002882,0.01226,0,0,0,0,0,0,0.98,0,0,0,0,0,0,-0.06123,-0.02296,0,0,0,0,0,1,1,1,1,,,,,-0.01226
222,220,0,1,1,1,0.003625,0.131567,0,0,0,0,0,0,1.05,0,0,0,0,0,0,-0.0424,0.02416,0,0,0,0,0,1,1,1,1,,,,,0.131567
80,223,0,1,1,1,0.003845,0.204945,0,0,0,0,0,0,1.004348,0,0,0,0,0,0,0.20909,0.04395,0,0,0,0,0,1,1,1,1,,,,,0.204945
224,223,0,1,1,1,0.002882,0.01226,0,0,0,0,0,0,0.98,0,0,0,0,0,0,-0.11462,-0.00128,0,0,0,0,0,1,1,1,1,,,,,-0.01226
225,223,0,1,1,1,0.003625,0.131567,0,0,0,0,0,0,1.05,0,0,0,0,0,0,-0.09435,-0.03187,0,0,0,0,0,1,1,1,1,,,,,0.131567
21,226,0,1,1,1,0.007489,0.192136,0,0,0,0,0,0,0.945135,0,0,0,0,0,0,0.0977,0.0429,-0.09762,-0.04089,0,0,0,1,1,1,1,,,,,0.192136
21,227,0,1,1,1,0.007473,0.202383,0,0,0,0,0,0,0.945135,0,0,0,0,0,0,0.10789,0.03969,-0.1078,-0.03724,0,0,0,1,1,1,1,,,,,0.202383
11,228,0,1,1,1,0.001778,0.107733,0,0,0,0,0,0,0.992391,0,0,0,0,0,0,0.20619,0.07402,0,0,0,0,0,1,1,1,1,,,,,0.107733
23,228,0,1,1,1,0.000993,0.005566,0,0,0,0,0,0,1,0,0,0,0,0,0,-0.0796,-0.0478,0,0,0,0,0,1,1,1,1,,,,,-0.005566
229,228,0,1,1,1,0.001691,0.061529,0,0,0,0,0,0,1.05,0,0,0,0,0,0,-0.12615,-0.02003,0,0,0,0,0,1,1,1,1,,,,,0.061529
11,230,0,1,1,1,0.00216,0.119856,0,0,0,0,0,0,1.040313,0,0,0,0,0,0,0.1711,0.08857,0,0,0,0,0,1,1,1,1,,,,,0.119856
23,230,0,1,1,1,0.00104,0.004498,0,0,0,0,0,0,1.052174,0,0,0,0,0,0,-0.144,-0.08591,0,0,0,0,0,1,1,1,1,,,,,-0.004498
231,230,0,1,1,1,0.001431,0.067171,0,0,0,0,0,0,1.1,0,0,0,0,0,0,-0.02561,0.00217,0,0,0,0,0,1,1,1,1,,,,,0.067171
10,232,0,1,1,1,0.001819,0.112804,0,0,0,0,0,0,0.999565,0,0,0,0,0,0,0.11415,-0.00441,0,0,0,0,0,1,1,1,1,,,,,0.112804
29,232,0,1,1,1,0.00102,0.004079,0,0,0,0,0,0,1,0,0,0,0,0,0,-0.11382,0.00584,0,0,0,0,0,1,1,1,1,,,,,-0.004079
10,233,0,1,1,1,0.00181,0.112384,0,0,0,0,0,0,1.056957,0,0,0,0,0,0,0.09822,-0.0441,0,0,0,0,0,1,1,1,1,,,,,0.112384
29,233,0,1,1,1,0.001029,0.004117,0,0,0,0,0,0,1.052174,0,0,0,0,0,0,0.00153,0.0448,0,0,0,0,0,1,1,1,1,,,,,-0.004117
234,233,0,1,1,1,0.001458,0.059166,0,0,0,0,0,0,1.026667,0,0,0,0,0,0,-0.09861,0.00139,0,0,0,0,0,1,1,1,1,,,,,0.059166
8,235,0,1,1,1,0.000995,0.078405,0,0,0,0,0,0,0.992391,0,0,0,0,0,0,0.47414,-0.00939,0,0,0,0,0,1,1,1,1,,,,,0.078405
42,235,0,1,1,1,0.000415,0.007853,0,0,0,0,0,0,1,0,0,0,0,0,0,-0.42165,-0.05012,0,0,0,0,0,1,1,1,1,,,,,-0.007853
236,235,0,1,1,1,0.001175,0.078049,0,0,0,0,0,0,0.98,0,0,0,0,0,0,-0.05227,0.07622,0,0,0,0,0,1,1,1,1,,,,,0.078049
56,237,0,1,1,1,0.001592,0.108763,0,0,0,0,0,0,1.016304,0,0,0,0,0,0,0.28097,-0.11136,0,0,0,0,0,1,1,1,1,,,,,0.108763
63,237,0,1,1,1,0.000962,0.007586,0,0,0,0,0,0,1,0,0,0,0,0,0,-0.22765,0.11425,0,0,0,0,0,1,1,1,1,,,,,-0.007586
238,237,0,1,1,1,0.001095,0.07247,0,0,0,0,0,0,0.98,0,0,0,0,0,0,-0.05326,0.00705,0,0,0,0,0,1,1,1,1,,,,,0.07247
56,239,0,1,1,1,0.001592,0.108801,0,0,0,0,0,0,1.016304,0,0,0,0,0,0,0.28298,-0.11016,0,0,0,0,0,1,1,1,1,,,,,0.108801
63,239,0,1,1,1,0.000949,0.007624,0,0,0,0,0,0,1,0,0,0,0,0,0,-0.2545,0.09442,0,0,0,0,0,1,1,1,1,,,,,-0.007624
240,239,0,1,1,1,0.001096,0.072737,0,0,0,0,0,0,0.98,0,0,0,0,0,0,-0.02841,0.02561,0,0,0,0,0,1,1,1,1,,,,,0.072737
61,241,0,1,1,1,0.003126,0.078481,0,0,0,0,0,0,1.004348,0,0,0,0,0,0,0.4992,0.04336,0,0,0,0,0,1,1,1,1,,,,,0.078481
62,241,0,1,1,1,0.000545,0.006252,0,0,0,0,0,0,1,0,0,0,0,0,0,-0.49821,-0.02594,0,0,0,0,0,1,1,1,1,,,,,-0.006252
242,241,0,1,1,1,0.000682,0.047983,0,0,0,0,0,0,0.98,0,0,0,0,0,0,-0.00004,0.00136,0,0,0,0,0,1,1,1,1,,,,,0.047983
61,243,0,1,1,1,0.003136,0.078735,0,0,0,0,0,0,1.004348,0,0,0,0,0,0,0.49152,0.04291,0,0,0,0,0,1,1,1,1,,,,,0.078735
62,243,0,1,1,1,0.000545,0.006252,0,0,0,0,0,0,1,0,0,0,0,0,0,-0.42311,-0.01529,0,0,0,0,0,1,1,1,1,,,,,-0.006252
244,243,0,1,1,1,0.000668,0.048136,0,0,0,0,0,0,0.98,0,0,0,0,0,0,-0.06753,-0.00871,0,0,0,0,0,1,1,1,1,,,,,0.048136
57,245,0,1,1,1,0.000986,0.071898,0,0,0,0,0,0,0.992391,0,0,0,0,0,0,0.71987,0.12243,0,0,0,0,0,1,1,1,1,,,,,0.071898
36,245,0,1,1,1,0.00046,0.00643,0,0,0,0,0,0,1,0,0,0,0,0,0,-0.70378,-0.09528,0,0,0,0,0,1,1,1,1,,,,,-0.00643
246,245,0,1,1,1,0.000981,0.042671,0,0,0,0,0,0,1.05,0,0,0,0,0,0,-0.01512,0.00825,0,0,0,0,0,1,1,1,1,,,,,0.042671
57,247,0,1,1,1,0.000706,0.070907,0,0,0,0,0,0,1.040313,0,0,0,0,0,0,0.64851,0.16595,0,0,0,0,0,1,1,1,1,,,,,0.070907
36,247,0,1,1,1,0.000182,0.005388,0,0,0,0,0,0,1.052174,0,0,0,0,0,0,-0.59027,-0.12729,0,0,0,0,0,1,1,1,1,,,,,-0.005388
248,247,0,1,1,1,0.00087,0.049864,0,0,0,0,0,0,1.1,0,0,0,0,0,0,-0.05734,-0.00556,0,0,0,0,0,1,1,1,1,,,,,0.049864
65,249,0,1,1,1,0.007674,0.327488,0,0,0,0,0,0,1.004348,0,0,0,0,0,0,0.06019,0.00371,0,0,0,0,0,1,1,1,1,,,,,0.327488
250,249,0,1,1,1,0.005192,0.020768,0,0,0,0,0,0,0.98,0,0,0,0,0,0,-0.00588,0.01367,0,0,0,0,0,1,1,1,1,,,,,-0.020768
251,249,0,1,1,1,0.005855,0.210725,0,0,0,0,0,0,1.05,0,0,0,0,0,0,-0.05431,-0.01548,0,0,0,0,0,1,1,1,1,,,,,0.210725
10,252,0,1,1,1,0.000993,0.075635,0,0,0,0,0,0,1.028261,0,0,0,0,0,0,-0.07423,0.05418,0,0,0,0,0,1,1,1,1,,,,,0.075635
27,252,0,1,1,1,0.000504,0.005032,0,0,0,0,0,0,1.026087,0,0,0,0,0,0,0.07451,-0.05357,0,0,0,0,0,1,1,1,1,,,,,-0.005032
72,253,0,1,1,1,0.004271,0.208513,0,0,0,0,0,0,0.992391,0,0,0,0,0,0,0.05821,0.00324,0,0,0,0,0,1,1,1,1,,,,,0.208513
254,253,0,1,1,1,0.002777,0.012901,0,0,0,0,0,0,0.98,0,0,0,0,0,0,-0.03613,0.0042,0,0,0,0,0,1,1,1,1,,,,,-0.012901
255,253,0,1,1,1,0.003428,0.132757,0,0,0,0,0,0,1.05,0,0,0,0,0,0,-0.02192,-0.0067,0,0,0,0,0,1,1,1,1,,,,,0.132757
73,256,0,1,1,1,0.004271,0.208696,0,0,0,0,0,0,0.992391,0,0,0,0,0,0,0.06548,0.0126,0,0,0,0,0,1,1,1,1,,,,,0.208696
257,256,0,1,1,1,0.002777,0.012901,0,0,0,0,0,0,0.98,0,0,0,0,0,0,-0.02685,0.00031,0,0,0,0,0,1,1,1,1,,,,,-0.012901
258,256,0,1,1,1,0.003428,0.132757,0,0,0,0,0,0,1.05,0,0,0,0,0,0,-0.03846,-0.01179,0,0,0,0,0,1,1,1,1,,,,,0.132757
103,259,0,1,1,1,0.007638,0.311626,0,0,0,0,0,0,0.945135,0,0,0,0,0,0,-0.00079,-0.00182,0.00079,0.00182,0,0,0,1,1,1,1,,,,,0.311626
104,260,0,1,1,1,0.007638,0.312724,0,0,0,0,0,0,0.956522,0,0,0,0,0,0,0.04796,0.00501,-0.04794,-0.00434,0,0,0,1,1,1,1,,,,,0.312724
76,261,0,1,1,1,0.00089,0.073703,0,0,0,0,0,0,1.016304,0,0,0,0,0,0,0.42202,0.06267,0,0,0,0,0,1,1,1,1,,,,,0.073703
114,261,0,1,1,1,0.000479,0.002541,0,0,0,0,0,0,1,0,0,0,0,0,0,-0.38922,-0.13568,0,0,0,0,0,1,1,1,1,,,,,-0.002541
262,261,0,1,1,1,0.001205,0.043205,0,0,0,0,0,0,1.05,0,0,0,0,0,0,-0.03253,0.08693,0,0,0,0,0,1,1,1,1,,,,,0.043205
76,263,0,1,1,1,0.000915,0.073703,0,0,0,0,0,0,1.016304,0,0,0,0,0,0,0.42283,0.06238,0,0,0,0,0,1,1,1,1,,,,,0.073703
114,263,0,1,1,1,0.000476,0.002541,0,0,0,0,0,0,1,0,0,0,0,0,0,-0.41217,-0.13464,0,0,0,0,0,1,1,1,1,,,,,-0.002541
264,263,0,1,1,1,0.001212,0.043205,0,0,0,0,0,0,1.05,0,0,0,0,0,0,-0.01038,0.08615,0,0,0,0,0,1,1,1,1,,,,,0.043205
32,265,0,1,1,1,0.005217,0.166826,0,0,0,0,0,0,1.03125,0,0,0,0,0,0,-0.00488,-0.0071,0.00488,0.00711,0,0,0,1,1,1,1,,,,,0.166826
51,266,0,1,1,1,0.008029,0.316015,0,0,0,0,0,0,1.016304,0,0,0,0,0,0,0.05247,-0.04194,0,0,0,0,0,1,1,1,1,,,,,0.316015
267,266,0,1,1,1,0.004284,0.017137,0,0,0,0,0,0,0.98,0,0,0,0,0,0,-0.04543,-0.0029,0,0,0,0,0,1,1,1,1,,,,,-0.017137
268,266,0,1,1,1,0.005803,0.202157,0,0,0,0,0,0,1.05,0,0,0,0,0,0,-0.00705,0.04679,0,0,0,0,0,1,1,1,1,,,,,0.202157
53,269,0,1,1,1,0.008215,0.318339,0,0,0,0,0,0,0.992391,0,0,0,0,0,0,0.02811,0.00504,0,0,0,0,0,1,1,1,1,,,,,0.318339
270,269,0,1,1,1,0.004865,0.01946,0,0,0,0,0,0,0.98,0,0,0,0,0,0,-0.02676,-0.00696,0,0,0,0,0,1,1,1,1,,,,,-0.01946
271,269,0,1,1,1,0.00587,0.206513,0,0,0,0,0,0,1.05,0,0,0,0,0,0,-0.00139,0.00215,0,0,0,0,0,1,1,1,1,,,,,0.206513
60,272,0,1,1,1,0.004774,0.202658,0,0,0,0,0,0,0.980435,0,0,0,0,0,0,0.0881,0.01565,0,0,0,0,0,1,1,1,1,,,,,0.202658
273,272,0,1,1,1,0.002736,0.01473,0,0,0,0,0,0,0.98,0,0,0,0,0,0,-0.00116,0.00086,0,0,0,0,0,1,1,1,1,,,,,-0.01473
274,272,0,1,1,1,0.002838,0.127267,0,0,0,0,0,0,1.05,0,0,0,0,0,0,-0.08688,-0.01391,0,0,0,0,0,1,1,1,1,,,,,0.127267
22,275,0,1,1,1,0.00476,0.201468,0,0,0,0,0,0,1.004348,0,0,0,0,0,0,0.06955,0.01399,0,0,0,0,0,1,1,1,1,,,,,0.201468
276,275,0,1,1,1,0.002849,0.013907,0,0,0,0,0,0,0.98,0,0,0,0,0,0,-0.00107,0.0002,0,0,0,0,0,1,1,1,1,,,,,-0.013907
277,275,0,1,1,1,0.002855,0.127908,0,0,0,0,0,0,1.05,0,0,0,0,0,0,-0.06851,-0.01251,0,0,0,0,0,1,1,1,1,,,,,0.127908
82,278,0,1,1,1,0.004253,0.116471,0,0,0,0,0,0,0.992391,0,0,0,0,0,0,0.14613,-0.00594,0,0,0,0,0,1,1,1,1,,,,,0.116471
279,278,0,1,1,1,0.002991,0.01839,0,0,0,0,0,0,0.98,0,0,0,0,0,0,-0.07792,-0.006,0,0,0,0,0,1,1,1,1,,,,,-0.01839
280,278,0,1,1,1,0.000516,0.059928,0,0,0,0,0,0,1.05,0,0,0,0,0,0,-0.06814,0.0147,0,0,0,0,0,1,1,1,1,,,,,0.059928
81,281,0,1,1,1,0.004253,0.115831,0,0,0,0,0,0,0.992391,0,0,0,0,0,0,0.04451,0.01189,0,0,0,0,0,1,1,1,1,,,,,0.115831
282,281,0,1,1,1,0.002991,0.020129,0,0,0,0,0,0,0.98,0,0,0,0,0,0,-0.01761,-0.00057,0,0,0,0,0,1,1,1,1,,,,,-0.020129
283,281,0,1,1,1,0.000668,0.063862,0,0,0,0,0,0,1.05,0,0,0,0,0,0,-0.02692,-0.01101,0,0,0,0,0,1,1,1,1,,,,,0.063862
86,284,0,1,1,1,0.006526,0.306137,0,0,0,0,0,0,0.933747,0,0,0,0,0,0,0.0469,0.01141,-0.04689,-0.01078,0,0,0,1,1,1,1,,,,,0.306137
88,285,0,1,1,1,0.004253,0.20156,0,0,0,0,0,0,1.016304,0,0,0,0,0,0,0.13122,0.04056,0,0,0,0,0,1,1,1,1,,,,,0.20156
286,285,0,1,1,1,0.003232,0.013084,0,0,0,0,0,0,0.98,0,0,0,0,0,0,-0.05488,-0.01255,0,0,0,0,0,1,1,1,1,,,,,-0.013084
287,285,0,1,1,1,0.003521,0.133306,0,0,0,0,0,0,1.05,0,0,0,0,0,0,-0.07635,-0.02327,0,0,0,0,0,1,1,1,1,,,,,0.133306
89,288,0,1,1,1,0.004251,0.202566,0,0,0,0,0,0,1.004348,0,0,0,0,0,0,0.09169,0.05254,0,0,0,0,0,1,1,1,1,,,,,0.202566
110,288,0,1,1,1,0.003065,0.01226,0,0,0,0,0,0,0.98,0,0,0,0,0,0,-0.07332,-0.04427,0,0,0,0,0,1,1,1,1,,,,,-0.01226
289,288,0,1,1,1,0.00353,0.13047,0,0,0,0,0,0,1.05,0,0,0,0,0,0,-0.01838,-0.00603,0,0,0,0,0,1,1,1,1,,,,,0.13047
87,290,0,1,1,1,0.006526,0.306137,0,0,0,0,0,0,0.945135,0,0,0,0,0,0,0.06028,0.00649,-0.06026,-0.00545,0,0,0,1,1,1,1,,,,,0.306137
91,291,0,1,1,1,0.004353,0.204396,0,0,0,0,0,0,0.992391,0,0,0,0,0,0,0.16635,0.02759,0,0,0,0,0,1,1,1,1,,,,,0.204396
292,291,0,1,1,1,0.002718,0.014639,0,0,0,0,0,0,0.98,0,0,0,0,0,0,-0.12424,-0.05903,0,0,0,0,0,1,1,1,1,,,,,-0.014639
293,291,0,1,1,1,0.00301,0.135776,0,0,0,0,0,0,1.05,0,0,0,0,0,0,-0.042,0.03764,0,0,0,0,0,1,1,1,1,,,,,0.135776
90,294,0,1,1,1,0.004482,0.203664,0,0,0,0,0,0,0.980435,0,0,0,0,0,0,0.21891,0.06053,0,0,0,0,0,1,1,1,1,,,,,0.203664
121,294,0,1,1,1,0.0026,0.014456,0,0,0,0,0,0,0.98,0,0,0,0,0,0,-0.12978,-0.01373,0,0,0,0,0,1,1,1,1,,,,,-0.014456
295,294,0,1,1,1,0.002864,0.134678,0,0,0,0,0,0,1.05,0,0,0,0,0,0,-0.08893,-0.03502,0,0,0,0,0,1,1,1,1,,,,,0.134678
92,296,0,1,1,1,0.004068,0.204396,0,0,0,0,0,0,0.992391,0,0,0,0,0,0,0.03033,0.00959,0,0,0,0,0,1,1,1,1,,,,,0.204396
297,296,0,1,1,1,0.003274,0.131385,0,0,0,0,0,0,1.05,0,0,0,0,0,0,-0.03032,-0.00925,0,0,0,0,0,1,1,1,1,,,,,0.131385
93,298,0,1,1,1,0.004068,0.204396,0,0,0,0,0,0,1.004348,0,0,0,0,0,0,0.17513,0.00681,0,0,0,0,0,1,1,1,1,,,,,0.204396
299,298,0,1,1,1,0.002622,0.011894,0,0,0,0,0,0,0.98,0,0,0,0,0,0,-0.1522,-0.03459,0,0,0,0,0,1,1,1,1,,,,,-0.011894
300,298,0,1,1,1,0.003274,0.131385,0,0,0,0,0,0,1.05,0,0,0,0,0,0,-0.02285,0.03422,0,0,0,0,0,1,1,1,1,,,,,0.131385
96,301,0,1,1,1,0.007598,0.13724,0,0,0,0,0,0,0.967909,0,0,0,0,0,0,0.01474,-0.00095,-0.01473,0.00097,0,0,0,1,1,1,1,,,,,0.13724
95,302,0,1,1,1,0.007612,0.13724,0,0,0,0,0,0,0.956522,0,0,0,0,0,0,0.03156,0.00622,-0.03155,-0.00609,0,0,0,1,1,1,1,,,,,0.13724
66,303,0,1,1,1,0.007672,0.327488,0,0,0,0,0,0,0.992391,0,0,0,0,0,0,0.04036,0.01087,0,0,0,0,0,1,1,1,1,,,,,0.327488
304,303,0,1,1,1,0.005265,0.021058,0,0,0,0,0,0,0.98,0,0,0,0,0,0,-0.02651,-0.00502,0,0,0,0,0,1,1,1,1,,,,,-0.021058
305,303,0,1,1,1,0.005856,0.210144,0,0,0,0,0,0,1.05,0,0,0,0,0,0,-0.01378,-0.00526,0,0,0,0,0,1,1,1,1,,,,,0.210144
127,306,0,1,1,0,0.0001,0.001,0.001,0,0,0,0,0,0,0,0,0,0,0,0,0,0,0,0,0,0,0,1,1,1,1,,,,,0.001
127,307,0,1,1,0,0.0001,0.001,0.001,0,0,0,0,0,0,0,0,0,0,0,0,0,0,0,0,0,0,0,1,1,1,1,,,,,0.001
308,127,0,1,1,0,0.0001,0.001,0.001,0,0,0,0,0,0,0,0,0,0,0,0,0,0,0,0,0,0,0,1,1,1,1,,,,,0.001
309,127,0,1,1,0,0.0001,0.001,0.001,0,0,0,0,0,0,0,0,0,0,0,0,0,0,0,0,0,0,0,1,1,1,1,,,,,0.001
